filename,mfcc_mean,rolloff_mean,energy
KG_25_Avenue.wav,-23.892967,3483.3955078125,9.997481e-05
KG_25_Avenue_3.wav,-21.87818,3329.424715909091,0.00013466527
yes_approve_stretch.wav,-27.027054,3524.677734375,4.031797e-05
yes_approve_pitch.wav,-25.83511,4257.9140625,4.372661e-05
yes_approve_noise.wav,-20.43097,8949.53759765625,0.000108825276
confirm_transaction_stretch.wav,-24.685278,3450.084062056108,5.3954336e-05
confirm_transaction_pitch.wav,-24.078772,4143.918124112216,4.870062e-05
confirm_transaction_noise.wav,-18.771626,8719.772727272728,0.00014358052
